Workbook

Sheet Params
A1: rho | B1: 0.9 | D1: Policy inertia
A2: phiy | B2: 0.25 | D2: Output gap feedback
A3: phipi | B3: 3 | D3: Inflation feedback
A4: beta1 | B4: 0.25 | D4: Demand coeff for real ex rate
A5: beta2 | B5: 0.1 | D5: Demand coeff for interest
A6: mu | B6: 0.1 | D6: Inflaiton adjustment
A7: rho_y | B7: 0.9 | D7: ar(1) lag
A8: rbar | B8: 0.02 | D8: long-run interest
A9: sbar | B9: 0 | D9: steady state exchange rate
A10: sigma_ybar | B10: 0.05 | D10: std deviaton of shocks
A11: n | B11: 200 | D11: simulation length
A12: lambda | B12: =IF(B20>=0, (B18-SQRT(B20))/2, B18/2) -> -0.021048703 | D12: stable root
A13: lambda_unstable | B13: =IF(B20>=0, (B18+SQRT(B20))/2, B18/2) -> 0.0097987033 | D13: unstable root
A14: A11 | B14: =(1 - B1)*B4*(B2 + B6*B3) -> 0.01375 | D14: matrix of dynamic adjustment
A15: A12 | B15: =-(1 - B1)*B5*(B2 + B3*B6) -> -0.0055
A16: A21 | B16: =B6*B4 -> 0.025
A17: A22 | B17: =-B6*B4 -> -0.025
A18: TR | B18: =B14 + B17 -> -0.01125 | D18: trace
A19: DET | B19: =B14*B17 - B15*B16 -> -0.00020625 | D19: determinant
A20: DIS | B20: =B18^2 - 4*B19 -> 0.0009515625 | D20: discriminant

Sheet Sim
A1: t | B1: zbar | C1: r | D1: rstar | E1: s | F1: ybar | G1: y | H1: beta0 | I1: pstar | J1: gap | K1: π | L1: p | M1: rexr | N1: rint | O1: Δs
A2: {=_xlfn.SEQUENCE(Params!B11+1,1,0,1)} -> 0 | B2: =0 -> 0 | C2: 0.02 | D2: 0.02 | E2: 0 | F2: 0 | G2: 0 | H2: 0 | I2: 0 | J2: 0 | K2: 0 | L2: 0 | M2: =E2+I2-L2 -> 0 | N2: =C2-K2 -> 0.02 | O2: 0
A3: 1 | B3: =IF(ROW()-1 <= Params!$B$11, _xlfn.NORM.INV(RAND(), 0, Params!$B$10), "") -> 0.050586542 | C3: =Params!$B$1*C2 + (1-Params!$B$1)*(Params!$B$8 + Params!$B$3*K2 + Params!$B$2*J2) -> 0.02 | D3: 0.02 | E3: =(C3 - D3)/Params!$B$12 + Params!$B$9 -> 0 | F3: =Params!$B$6*F2 + B3 -> 0.050586542 | G3: =H3 + Params!$B$5*(E3 + I3 - L2) - Params!$B$6*(C3 - Params!$B$8) -> 0 | H3: 0 | I3: 0 | J3: =G3 - F3 -> -0.050586542 | K3: =Params!$B$6*J3 -> -0.0050586542 | L3: =L2 + K3 -> -0.0050586542 | M3: =E3+I3-L3 -> 0.0050586542 | N3: =C3-K3 -> 0.025058654 | O3: =E3-E2 -> 0
A4: 2 | B4: =IF(ROW()-1 <= Params!$B$11, _xlfn.NORM.INV(RAND(), 0, Params!$B$10), "") -> 0.059787852 | C4: =Params!$B$1*C3 + (1-Params!$B$1)*(Params!$B$8 + Params!$B$3*K3 + Params!$B$2*J3) -> 0.01721774 | D4: 0.02 | E4: =(C4 - D4)/Params!$B$12 + Params!$B$9 -> 0.13218201 | F4: =Params!$B$6*F3 + B4 -> 0.064846506 | G4: =H4 + Params!$B$5*(E4 + I4 - L3) - Params!$B$6*(C4 - Params!$B$8) -> 0.014002292 | H4: 0 | I4: 0 | J4: =G4 - F4 -> -0.050844214 | K4: =Params!$B$6*J4 -> -0.0050844214 | L4: =L3 + K4 -> -0.010143076 | M4: =E4+I4-L4 -> 0.14232508 | N4: =C4-K4 -> 0.022302162 | O4: =E4-E3 -> 0.13218201
A5: 3 | B5: =IF(ROW()-1 <= Params!$B$11, _xlfn.NORM.INV(RAND(), 0, Params!$B$10), "") -> -0.0016543721 | C5: =Params!$B$1*C4 + (1-Params!$B$1)*(Params!$B$8 + Params!$B$3*K4 + Params!$B$2*J4) -> 0.014699534 | D5: 0.02 | E5: =(C5 - D5)/Params!$B$12 + Params!$B$9 -> 0.2518191 | F5: =Params!$B$6*F4 + B5 -> 0.0048302785 | G5: =H5 + Params!$B$5*(E5 + I5 - L4) - Params!$B$6*(C5 - Params!$B$8) -> 0.026726264 | H5: 0 | I5: 0 | J5: =G5 - F5 -> 0.021895986 | K5: =Params!$B$6*J5 -> 0.0021895986 | L5: =L4 + K5 -> -0.007953477 | M5: =E5+I5-L5 -> 0.25977258 | N5: =C5-K5 -> 0.012509936 | O5: =E5-E4 -> 0.1196371
A6: 4 | B6: =IF(ROW()-1 <= Params!$B$11, _xlfn.NORM.INV(RAND(), 0, Params!$B$10), "") -> -0.00047471503 | C6: =Params!$B$1*C5 + (1-Params!$B$1)*(Params!$B$8 + Params!$B$3*K5 + Params!$B$2*J5) -> 0.01643386 | D6: 0.02 | E6: =(C6 - D6)/Params!$B$12 + Params!$B$9 -> 0.16942325 | F6: =Params!$B$6*F5 + B6 -> 8.3128219e-06 | G6: =H6 + Params!$B$5*(E6 + I6 - L5) - Params!$B$6*(C6 - Params!$B$8) -> 0.018094287 | H6: 0 | I6: 0 | J6: =G6 - F6 -> 0.018085974 | K6: =Params!$B$6*J6 -> 0.0018085974 | L6: =L5 + K6 -> -0.0061448796 | M6: =E6+I6-L6 -> 0.17556813 | N6: =C6-K6 -> 0.014625263 | O6: =E6-E5 -> -0.082395849
A7: 5 | B7: =IF(ROW()-1 <= Params!$B$11, _xlfn.NORM.INV(RAND(), 0, Params!$B$10), "") -> 0.012575537 | C7: =Params!$B$1*C6 + (1-Params!$B$1)*(Params!$B$8 + Params!$B$3*K6 + Params!$B$2*J6) -> 0.017785203 | D7: 0.02 | E7: =(C7 - D7)/Params!$B$12 + Params!$B$9 -> 0.1052225 | F7: =Params!$B$6*F6 + B7 -> 0.012576368 | G7: =H7 + Params!$B$5*(E7 + I7 - L6) - Params!$B$6*(C7 - Params!$B$8) -> 0.011358218 | H7: 0 | I7: 0 | J7: =G7 - F7 -> -0.0012181499 | K7: =Params!$B$6*J7 -> -0.00012181499 | L7: =L6 + K7 -> -0.0062666946 | M7: =E7+I7-L7 -> 0.1114892 | N7: =C7-K7 -> 0.017907018 | O7: =E7-E6 -> -0.064200751
A8: 6 | B8: =IF(ROW()-1 <= Params!$B$11, _xlfn.NORM.INV(RAND(), 0, Params!$B$10), "") -> 0.0094231533 | C8: =Params!$B$1*C7 + (1-Params!$B$1)*(Params!$B$8 + Params!$B$3*K7 + Params!$B$2*J7) -> 0.017939684 | D8: 0.02 | E8: =(C8 - D8)/Params!$B$12 + Params!$B$9 -> 0.097883263 | F8: =Params!$B$6*F7 + B8 -> 0.01068079 | G8: =H8 + Params!$B$5*(E8 + I8 - L7) - Params!$B$6*(C8 - Params!$B$8) -> 0.010621027 | H8: 0 | I8: 0 | J8: =G8 - F8 -> -5.9762755e-05 | K8: =Params!$B$6*J8 -> -5.9762755e-06 | L8: =L7 + K8 -> -0.0062726709 | M8: =E8+I8-L8 -> 0.10415593 | N8: =C8-K8 -> 0.017945661 | O8: =E8-E7 -> -0.0073392397
A9: 7 | B9: =IF(ROW()-1 <= Params!$B$11, _xlfn.NORM.INV(RAND(), 0, Params!$B$10), "") -> 0.032496152 | C9: =Params!$B$1*C8 + (1-Params!$B$1)*(Params!$B$8 + Params!$B$3*K8 + Params!$B$2*J8) -> 0.018142429 | D9: 0.02 | E9: =(C9 - D9)/Params!$B$12 + Params!$B$9 -> 0.088251096 | F9: =Params!$B$6*F8 + B9 -> 0.033564231 | G9: =H9 + Params!$B$5*(E9 + I9 - L8) - Params!$B$6*(C9 - Params!$B$8) -> 0.0096381338 | H9: 0 | I9: 0 | J9: =G9 - F9 -> -0.023926097 | K9: =Params!$B$6*J9 -> -0.0023926097 | L9: =L8 + K9 -> -0.0086652805 | M9: =E9+I9-L9 -> 0.096916377 | N9: =C9-K9 -> 0.020535039 | O9: =E9-E8 -> -0.009632167
A10: 8 | B10: =IF(ROW()-1 <= Params!$B$11, _xlfn.NORM.INV(RAND(), 0, Params!$B$10), "") -> 0.035697184 | C10: =Params!$B$1*C9 + (1-Params!$B$1)*(Params!$B$8 + Params!$B$3*K9 + Params!$B$2*J9) -> 0.017012251 | D10: 0.02 | E10: =(C10 - D10)/Params!$B$12 + Params!$B$9 -> 0.14194458 | F10: =Params!$B$6*F9 + B10 -> 0.039053607 | G10: =H10 + Params!$B$5*(E10 + I10 - L9) - Params!$B$6*(C10 - Params!$B$8) -> 0.015359761 | H10: 0 | I10: 0 | J10: =G10 - F10 -> -0.023693846 | K10: =Params!$B$6*J10 -> -0.0023693846 | L10: =L9 + K10 -> -0.011034665 | M10: =E10+I10-L10 -> 0.15297925 | N10: =C10-K10 -> 0.019381635 | O10: =E10-E9 -> 0.053693483
A11: 9 | B11: =IF(ROW()-1 <= Params!$B$11, _xlfn.NORM.INV(RAND(), 0, Params!$B$10), "") -> -0.021743077 | C11: =Params!$B$1*C10 + (1-Params!$B$1)*(Params!$B$8 + Params!$B$3*K10 + Params!$B$2*J10) -> 0.016007864 | D11: 0.02 | E11: =(C11 - D11)/Params!$B$12 + Params!$B$9 -> 0.18966185 | F11: =Params!$B$6*F10 + B11 -> -0.017837717 | G11: =H11 + Params!$B$5*(E11 + I11 - L10) - Params!$B$6*(C11 - Params!$B$8) -> 0.020468865 | H11: 0 | I11: 0 | J11: =G11 - F11 -> 0.038306581 | K11: =Params!$B$6*J11 -> 0.0038306581 | L11: =L10 + K11 -> -0.007204007 | M11: =E11+I11-L11 -> 0.19686585 | N11: =C11-K11 -> 0.012177206 | O11: =E11-E10 -> 0.047717268
A12: 10 | B12: =IF(ROW()-1 <= Params!$B$11, _xlfn.NORM.INV(RAND(), 0, Params!$B$10), "") -> -0.083142136 | C12: =Params!$B$1*C11 + (1-Params!$B$1)*(Params!$B$8 + Params!$B$3*K11 + Params!$B$2*J11) -> 0.01851394 | D12: 0.02 | E12: =(C12 - D12)/Params!$B$12 + Params!$B$9 -> 0.070601042 | F12: =Params!$B$6*F11 + B12 -> -0.084925908 | G12: =H12 + Params!$B$5*(E12 + I12 - L11) - Params!$B$6*(C12 - Params!$B$8) -> 0.007929111 | H12: 0 | I12: 0 | J12: =G12 - F12 -> 0.092855019 | K12: =Params!$B$6*J12 -> 0.0092855019 | L12: =L11 + K12 -> 0.0020814948 | M12: =E12+I12-L12 -> 0.068519547 | N12: =C12-K12 -> 0.0092284377 | O12: =E12-E11 -> -0.11906081
A13: 11 | B13: =IF(ROW()-1 <= Params!$B$11, _xlfn.NORM.INV(RAND(), 0, Params!$B$10), "") -> -0.076281062 | C13: =Params!$B$1*C12 + (1-Params!$B$1)*(Params!$B$8 + Params!$B$3*K12 + Params!$B$2*J12) -> 0.023769572 | D13: 0.02 | E13: =(C13 - D13)/Params!$B$12 + Params!$B$9 -> -0.17908807 | F13: =Params!$B$6*F12 + B13 -> -0.084773653 | G13: =H13 + Params!$B$5*(E13 + I13 - L12) - Params!$B$6*(C13 - Params!$B$8) -> -0.018493914 | H13: 0 | I13: 0 | J13: =G13 - F13 -> 0.066279739 | K13: =Params!$B$6*J13 -> 0.0066279739 | L13: =L12 + K13 -> 0.0087094687 | M13: =E13+I13-L13 -> -0.18779754 | N13: =C13-K13 -> 0.017141598 | O13: =E13-E12 -> -0.24968911
A14: 12 | B14: =IF(ROW()-1 <= Params!$B$11, _xlfn.NORM.INV(RAND(), 0, Params!$B$10), "") -> 0.030619169 | C14: =Params!$B$1*C13 + (1-Params!$B$1)*(Params!$B$8 + Params!$B$3*K13 + Params!$B$2*J13) -> 0.027038 | D14: 0.02 | E14: =(C14 - D14)/Params!$B$12 + Params!$B$9 -> -0.3343674 | F14: =Params!$B$6*F13 + B14 -> 0.022141804 | G14: =H14 + Params!$B$5*(E14 + I14 - L13) - Params!$B$6*(C14 - Params!$B$8) -> -0.035011487 | H14: 0 | I14: 0 | J14: =G14 - F14 -> -0.057153291 | K14: =Params!$B$6*J14 -> -0.0057153291 | L14: =L13 + K14 -> 0.0029941397 | M14: =E14+I14-L14 -> -0.33736154 | N14: =C14-K14 -> 0.032753329 | O14: =E14-E13 -> -0.15527933
... A202: 200 | B202: =IF(ROW()-1 <= Params!$B$11, _xlfn.NORM.INV(RAND(), 0, Params!$B$10), "") | C202: =Params!$B$1*C201 + (1-Params!$B$1)*(Params!$B$8 + Params!$B$3*K201 + Params!$B$2*J201) -> 0.023428276 | D202: 0.02 | E202: =(C202 - D202)/Params!$B$12 + Params!$B$9 -> -0.16287352 | F202: =Params!$B$6*F201 + B202 -> #VALUE! | G202: =H202 + Params!$B$5*(E202 + I202 - L201) - Params!$B$6*(C202 - Params!$B$8) -> -0.017743171 | H202: 0 | I202: 0 | J202: =G202 - F202 -> #VALUE! | K202: =Params!$B$6*J202 -> #VALUE! | L202: =L201 + K202 -> #VALUE! | M202: =E202+I202-L202 -> #VALUE! | N202: =C202-K202 -> #VALUE! | O202: =E202-E201 -> -0.37205549
